{"cameraMode":{"drawMode":0,"name":"Shaded","section":"Shading Mode"},"sceneLighting":true,"audioPlay":false,"sceneViewState":{"showFog":true,"showMaterialUpdate":true,"showSkybox":true,"showFlares":true,"showImageEffects":true,"showParticleSystems":true},"in2DMode":false,"pivot":{"x":0.3754725456237793,"y":6.046250343322754,"z":0.8511543273925781},"rotation":{"x":0.23800261318683625,"y":-0.1504945605993271,"z":0.03735871985554695,"w":0.9588112831115723},"size":8.378491401672364,"orthographic":false}