{"cameraMode":{"drawMode":0,"name":"Shaded","section":"Shading Mode"},"sceneLighting":false,"audioPlay":false,"sceneViewState":{"showFog":true,"showMaterialUpdate":false,"showSkybox":true,"showFlares":true,"showImageEffects":true,"showParticleSystems":true},"in2DMode":false,"pivot":{"x":-6.460000038146973,"y":3.120762586593628,"z":1977.314697265625},"rotation":{"x":-0.002102842554450035,"y":0.03449622169137001,"z":0.00008373944001505151,"w":0.9994228482246399},"size":1887.756103515625,"orthographic":false}