{"cameraMode":{"drawMode":0,"name":"Shaded","section":"Shading Mode"},"sceneLighting":false,"audioPlay":false,"sceneViewState":{"showFog":true,"showMaterialUpdate":true,"showSkybox":true,"showFlares":true,"showImageEffects":true,"showParticleSystems":true},"in2DMode":false,"pivot":{"x":-0.6245250701904297,"y":0.327545166015625,"z":0.26605224609375},"rotation":{"x":0.1500573307275772,"y":0.46472102403640749,"z":-0.08025074005126953,"w":0.8689553141593933},"size":0.44085240364074709,"orthographic":true}