{"cameraMode":{"drawMode":0,"name":"Shaded","section":"Shading Mode"},"sceneLighting":false,"audioPlay":false,"sceneViewState":{"showFog":true,"showMaterialUpdate":true,"showSkybox":true,"showFlares":true,"showImageEffects":true,"showParticleSystems":true},"in2DMode":false,"pivot":{"x":-0.5731183290481567,"y":0.31929025053977969,"z":-0.14427447319030763},"rotation":{"x":0.22398023307323457,"y":-0.004386537708342075,"z":0.0010028016986325384,"w":0.9745884537696838},"size":0.31593137979507449,"orthographic":false}